link_pagina,link_imagem
https://ibb.co/HfJN3K4h,https://i.ibb.co/zTk8Dmx6/CASAL1.jpg
https://ibb.co/V7VYLdP,https://i.ibb.co/MYnkgb3/CASAL4.jpg
https://ibb.co/wZm6DYPy,https://i.ibb.co/Y4sjvb12/LOCAL.jpg
https://ibb.co/XrPQ20yd,https://i.ibb.co/xtbkC9mc/CASAL2.jpg
https://ibb.co/BKGpB0rb,https://i.ibb.co/gFd2JkPN/CASAL3.jpg
https://ibb.co/bjxBNvZY,https://i.ibb.co/PsRh1WnJ/CASAL5.jpg
https://ibb.co/nNrjx5Yd,https://i.ibb.co/FL6zRjyZ/IGREJA.jpg
https://ibb.co/VW177w2s,https://i.ibb.co/5W0NNKBP/CASAL6.jpg
https://ibb.co/BHJ80YvY,https://i.ibb.co/Q7Vsyxhx/CASAL7.jpg
https://ibb.co/9m8HmKgX,https://i.ibb.co/BHz2HW3D/CASAL8.jpg
https://ibb.co/rKpvZYQN,https://i.ibb.co/DPML7h1T/CASAL9.jpg
